class,level,count
analytics.accessrulesservice,DEBUG,9705
analytics.analyticsconfigcontroller,DEBUG,37
analytics.analyticsconfigservice,DEBUG,496
analytics.analyticsconfigservice,ERROR,4
analytics.analyticseshelperservice,DEBUG,1098
analytics.analyticseshelperservice,ERROR,1
analytics.analyticsesservice,DEBUG,15422
analytics.analyticsesservice,ERROR,40
analytics.analyticsesservice,INFO,83
analytics.analyticshistorycontroller,DEBUG,572
analytics.analyticshistorycontroller,ERROR,17
analytics.analyticshistoryescontroller,DEBUG,824
analytics.analyticshistoryesservice,DEBUG,190
analytics.analyticshistoryesservice,INFO,45
analytics.analyticshistoryservice,DEBUG,4428
analytics.analyticshistoryservice,ERROR,717
analytics.analyticsservice,DEBUG,836
auth.logincontroller,DEBUG,1513
auth.logincontroller,WARN,3
auth.logoutcontroller,DEBUG,1185
auth.saviyntjwttokenstorageservice,DEBUG,6528
aws.awscommonutilservice,DEBUG,465
azure.azureadprovisioningservice,DEBUG,219
campaigns.campaignapplicationownerservice,DEBUG,467
campaigns.campaigneoandroservice,DEBUG,16
campaigns.campaignesservice,DEBUG,1422
campaigns.campaignservice,DEBUG,8931
campaigns.campaignservice,INFO,666
campaigns.campaigntaskservice,DEBUG,104
campaigns.campaignutilityservice,DEBUG,15759
campaigns.campaignvalidationservice,DEBUG,100
campaigns.certificationvalidationservice,DEBUG,404
campaignv2.campaignutilityv2service,DEBUG,7284
campains.campaigncontroller,DEBUG,294
campains.certificationcontroller,DEBUG,1158
changeaction.userchangeactionhelperservice,DEBUG,485
changeaction.userchangeactionservice,DEBUG,13107
changeaction.userchangeactionservice,INFO,262
connectorms.connectormshelperservice,DEBUG,112527
controllers.accountscontroller,DEBUG,5
controllers.dashboardcontroller,DEBUG,51
controllers.dashboardcontroller,INFO,8
controllers.dataanalyzercontroller,DEBUG,8
controllers.dataanalyzercontroller,ERROR,1
controllers.endpointscontroller,DEBUG,117
controllers.endpointscontroller,ERROR,3
controllers.entitlement_valuescontroller,DEBUG,1234
controllers.entitlement_valuescontroller,INFO,3
controllers.homecontroller,DEBUG,431
controllers.rolescontroller,DEBUG,420
controllers.rolescontroller,INFO,34
controllers.rulesetscontroller,DEBUG,25
controllers.savrolescontroller,INFO,2
controllers.securitysystemscontroller,DEBUG,51
controllers.soddetailcontroller,DEBUG,50
cronparser.cronexpressiondescriptor,ERROR,17
domain.ecmconfigcontroller,DEBUG,22
domain.flatviewjobcontrolcontroller,DEBUG,207
domain.flatviewjobcontrolcontroller,ERROR,34
domain.jobcontrolcontroller,DEBUG,43
domain.jobcontrolcontroller,INFO,454
domain.jobcontrolservice,DEBUG,1
ecm.receivemailservice,DEBUG,207
ecm.refreshdashboardservice,DEBUG,1374
ecm.refreshdashboardservice,ERROR,11
epic.risksodevaluationhelperservice,DEBUG,2404
epic.risksodevaluationservice,DEBUG,39631
epic.risksodevaluationservice,ERROR,324
epic.risksodevaluationservice,INFO,81
epic.sodcommonutilityservice,DEBUG,2441
error.errorcontroller,ERROR,373
errors.grailsexceptionresolver,ERROR,27
events.patcheddefaultflusheventlistener,ERROR,7
export.excelexportservice,DEBUG,924
generic.genericprovisioningservice,DEBUG,213221
groupmanagement.groupmanagementservice,DEBUG,2436
hql.parser,ERROR,22
integration.externalconnectioncallservice,DEBUG,5537
integration.sapdataimportservice,DEBUG,1138
integration.sapdataimportservice,ERROR,2
jobs.accountsimportfulljob,DEBUG,81
jobs.applicationdataimportjob,DEBUG,164
jobs.applicationdataimportjob,INFO,13
jobs.asyncrequestretryjob,DEBUG,22
jobs.campaigndeprovisioningjob,DEBUG,104
jobs.campaignreassignjob,DEBUG,66
jobs.campaignreminderjob,DEBUG,156
jobs.campaignreminderjob,INFO,52
jobs.customqueryjob,DEBUG,423
jobs.customqueryjob,ERROR,1
jobs.customqueryv2job,DEBUG,543
jobs.dashboardrefreshjob,DEBUG,3
jobs.emailhistoryjob,DEBUG,48
jobs.enterpriserolemanagementjob,DEBUG,168
jobs.entitlementvalueimportjob,DEBUG,84
jobs.externaljarjob,DEBUG,16
jobs.incomingmailarsjob,DEBUG,24
jobs.jbpmretryjob,DEBUG,8
jobs.launchcertificationfromrulejob,DEBUG,2
jobs.microservicejob,DEBUG,100
jobs.multipleprovisioningjob,DEBUG,24291
jobs.reportjob,DEBUG,56
jobs.requestexipresjob,DEBUG,18
jobs.risksodevaluationjob,DEBUG,18
jobs.rulerunjob,DEBUG,173
jobs.runallanalyticsjob,DEBUG,1529
jobs.runallanalyticsjob,ERROR,8
jobs.sapimportjob,DEBUG,203
jobs.triggerchainjob,DEBUG,192
jobs.userimportfulljob,DEBUG,6
jobs.userimportjob,DEBUG,15
jobs.wsretryjob,DEBUG,32412
keystore.keystoremanagementservice,DEBUG,45316
ldap.saviyntgroovyldapservice,DEBUG,64912
ldap.saviyntgroovyldapservice,ERROR,206
listeners.exceptionprinterjoblistener,ERROR,4
log.loguserloginsservice,DEBUG,1382
mail.emailhistoryservice,DEBUG,11137
mail.emailhistoryservice,INFO,1938
messagingqueue.rabbitqueueservice,DEBUG,8232
mfa.mfaservice,DEBUG,2744
microservice.microserviceapicallservice,DEBUG,125
navigation.navigationcontroller,DEBUG,15278
navigation.navigationcontroller,ERROR,2
navigation.themeservice,DEBUG,15278
pam.pamservice,DEBUG,606
provisoning.boxprovisioningservice,DEBUG,676
provisoning.dbprovisioningservice,DEBUG,4105
provisoning.dbprovisioningservice,ERROR,9
provisoning.dbprovisioningservice,INFO,163
provisoning.hanaprovisioningservice,DEBUG,162
provisoning.hanaprovisioningservice,ERROR,9
provisoning.hanaprovisioningservice,INFO,6
provisoning.salesforceprovisioningservice,DEBUG,1680
provisoning.sapprovisioningservice,DEBUG,67986
provisoning.soapprovisioningservice,DEBUG,1903
refresh.refreshservice,DEBUG,6232
resource.resourcemeta,ERROR,1
rest.jwtservice,DEBUG,6595
rest.restprovisioningservice,DEBUG,793610
rest.restprovisioningservice,ERROR,5493
rest.restutilservice,DEBUG,283425
rest.restutilservice,ERROR,65
rulerun.rulerunservice,DEBUG,4465
ruleset.mitigatingcontrolscontroller,DEBUG,2
salesforce.salesforceutilityservice,DEBUG,6
saviynt.accountsimportservice,DEBUG,450330
saviynt.accountsimportservice,ERROR,214
saviynt.accountsservice,DEBUG,72379
saviynt.applicationownerservice,DEBUG,1744
saviynt.dataanalyzerservice,DEBUG,7
saviynt.entitlementvalueimportservice,DEBUG,21736
saviynt.importexternaldbservice,DEBUG,1119
saviynt.importexternaldbservice,INFO,60
saviynt.utilitycontroller,DEBUG,1
scanner.virusscannerservice,DEBUG,24
scanner.virusscannerservice,ERROR,8
security.loginservice,DEBUG,88
security.resttokengeneratorservice,DEBUG,20461
services.adimportservice,DEBUG,1268
services.arsrequestallowedservice,DEBUG,11282
services.arsrolehandlerservice,DEBUG,151
services.arstaskhelperservice,DEBUG,3067116
services.arstaskhelperservice,ERROR,11
services.arstaskhelperservice,INFO,1486
services.arstaskservice,DEBUG,4964807
services.arstaskservice,ERROR,109375
services.arstaskservice,INFO,123
services.ecmutilityservice,DEBUG,16
services.emailerservice,DEBUG,49084
services.emailerservice,ERROR,21
services.endpointsservice,DEBUG,1761
services.entitlement_valuesservice,DEBUG,3
services.httpclientutilityservice,DEBUG,323686
services.importdataentitlements2forsaproleservice,DEBUG,16
services.importdataentitlments1service,DEBUG,31
services.importdataentitlmentsforsaproleservice,DEBUG,75
services.importdataentitlmentststcservice,DEBUG,18
services.importdatauseraccountservice,DEBUG,9
services.importfieldupdateservice,DEBUG,4
services.importsavdatauserservice,DEBUG,5356
services.importsavdatauserservice,INFO,524
services.importutilityservice,DEBUG,21870
services.importutilityservice,ERROR,3
services.jbpmworkflowmanagementvalidationservice,DEBUG,120
services.jbpmworkflowservice,DEBUG,1892
services.jbpmworkflowservice,ERROR,2
services.jobmanagementguardrailservice,DEBUG,2906
services.privilegedupdateservice,DEBUG,6
services.rolesservice,DEBUG,122
services.roleversionservice,DEBUG,9087309
services.saviyntcommonutilityservice,DEBUG,39454
services.saviyntcommonutilityservice,ERROR,3
services.saviyntcommonutilityservice,INFO,1
services.saviyntelasticservice,DEBUG,7275
services.saviyntelasticservice,ERROR,35
services.saviyntelasticservice$processbulkrequest,DEBUG,575
services.saviyntelasticservice$processbulkrequest,ERROR,25
services.saviyntguardrailservice,DEBUG,3712
services.saviyntguardrailservice,ERROR,5
services.sodutilityservice,DEBUG,32
services.usersservice,DEBUG,23
services.usersservice,INFO,1343
services.workflowhistoryservice,DEBUG,1
services.workflowmanagementrequestservice,DEBUG,487
services.workflowmanagementservice,DEBUG,9002
services.workflownewuiservice,DEBUG,21463
services.workflownewuiservice,ERROR,2
services.workflowservice,DEBUG,51296
services.workflowservice,ERROR,10
services.workflowservice,INFO,249
sessionlistner.saviynthttpsessioneventlistener,ERROR,2
survey.customerservice,DEBUG,524
sync.syncfileversionutilityservice,DEBUG,10
transaction.jdbctransaction,ERROR,10
util.jdbcexceptionreporter,ERROR,16
utility.customqueryservice,DEBUG,2803
utility.p_managementservice,DEBUG,22557
validation.alluserofloggedmanagervalidationservice,DEBUG,500
workflow.jbpmworkflowmanagementcontroller,DEBUG,11436
workflow.jbpmworkflowmanagementcontroller,ERROR,2
workflow.workflowmanagementcontroller,DEBUG,16388
workflow.workflowmanagementcontroller,ERROR,5
workflow.workflownewuicontroller,DEBUG,927
ws.restfulv5controller,DEBUG,13930
